{"l1":0.6171517968177795,"val_kl":10.257372856140137,"loss":18.956201553344727,"_step":14,"_wandb":{"runtime":11},"_runtime":11.626175914,"kl":1.8339049816131592,"_timestamp":1.7466048837302368e+09,"val_loss":103.49427795410156,"val_l1":0.9205582141876221}