{"_wandb":{"runtime":1940},"_timestamp":1.746608929731832e+09,"kl":0.018606051802635193,"_step":8669,"val_loss":0.2408168762922287,"l1":0.15051646530628204,"_runtime":1940.275565107,"val_l1":0.21562577784061432,"loss":0.33657699823379517,"val_kl":0.0025191078893840313}