{"l1":0.653879702091217,"_step":13,"val_loss":114.89331817626953,"val_kl":11.415030479431152,"_runtime":14.269846226,"loss":26.322826385498047,"kl":2.566894769668579,"_wandb":{"runtime":14},"_timestamp":1.7466069018645115e+09,"val_l1":0.742996335029602}