{"_step":3,"_runtime":25.340264645,"_timestamp":1.7465803176467655e+09,"val_loss":103.66728973388672,"kl":5.6642866134643555,"val_kl":10.275148391723633,"_wandb":{"runtime":25},"l1":0.7797685265541077,"loss":57.422637939453125,"val_l1":0.9158295392990112}