{"_wandb":{"runtime":12},"loss":27.85809326171875,"val_kl":10.257372856140137,"_runtime":12.077566003,"l1":0.7796134948730469,"val_l1":0.9205582141876221,"_timestamp":1.7466042226308038e+09,"kl":2.707848072052002,"val_loss":103.49427795410156,"_step":10}