{"_step":23,"loss":17.902870178222656,"kl":1.7265493869781494,"val_l1":0.9205582141876221,"val_loss":103.49427795410156,"_runtime":12.913327765,"l1":0.6373776197433472,"_wandb":{"runtime":12},"_timestamp":1.7466047886200569e+09,"val_kl":10.257372856140137}