{"_runtime":14.957932067,"val_l1":0.9205582141876221,"kl":1.1254589557647705,"val_kl":10.257372856140137,"_timestamp":1.7466050362803013e+09,"l1":0.7153926491737366,"_wandb":{"runtime":14},"_step":36,"val_loss":103.49427795410156,"loss":11.969982147216797}