{"_runtime":34.954669427,"l1":0.4320325255393982,"val_l1":0.9091058969497681,"loss":4.405566692352295,"val_loss":103.48284149169922,"val_kl":10.257372856140137,"_wandb":{"runtime":34},"_step":149,"_timestamp":1.7466004573333902e+09,"kl":0.3973534107208252}