{"_runtime":22.666176741,"val_loss":103.66728973388672,"val_kl":10.275148391723633,"l1":0.7227563261985779,"_step":7,"val_l1":0.9158295392990112,"loss":29.85799217224121,"_timestamp":1.7466001198984904e+09,"_wandb":{"runtime":22},"kl":2.9135236740112305}